evaluation/task1_success,evaluation/task2_success,evaluation/task3_success,evaluation/task4_success,evaluation/task5_success,evaluation/overall_success,step
0.0,0.0,0.0,0.0,0.0,0.0,1
0.4666666666666667,0.5333333333333333,0.3333333333333333,0.5333333333333333,0.9333333333333333,0.5599999999999999,5000000
